[null,{"name":"website","permissions":"NONE","restriction":"1","actions":[{"channel":"0","varName":"","message":"Go check Exam Studio's website: https://examstudio.xyz/ :wink:","storage":"0","varName2":"","name":"Send Message"}]},{"name":"site","permissions":"NONE","restriction":"1","actions":[{"channel":"0","varName":"","message":"Go check Exam Studio's website: https://examstudio.xyz/ :wink:","storage":"0","varName2":"","name":"Send Message"}]},{"name":"rules","permissions":"NONE","restriction":"1","actions":[{"channel":"0","varName":"","message":"Rules:\n1. No swearing or usage of bad words in any language\n2. No files that contain adult images, gore, or any disturbing content\n3. No disrespectful speech to anyone\n4. No spamming\n5. No advertising\n6. No political/religious content\n7. No false reporting\n8. No chatting without using English unless you are in native language chat\n\nBreaking the rules will result in getting kicked or banned permanently.","storage":"0","varName2":"","name":"Send Message"}]},{"name":"freerobux","permissions":"NONE","restriction":"1","actions":[{"channel":"0","varName":"","message":"By leveling up, you can earn cooler ranks and get extra permissions!\n\nLevel 7 = Honorary\nLevel 18 = Very Honorary + 100 Robux\nLevel 24 = Ultra Honorary + 350 Robux","storage":"0","varName2":"","name":"Send Message"}]},{"name":"help","permissions":"NONE","restriction":"1","actions":[{"channel":"0","varName":"","message":"Exam Studio Commands:\n\n!rules\n!website\n!site\n!freerobux\n\n","storage":"0","varName2":"","name":"Send Message"}]},{"name":"about","permissions":"NONE","restriction":"1","actions":[{"channel":"0","varName":"","message":"Bot Created by TypicalAndy.\nBot Hosted on a SHH Server.\n\nUse the Commands with !help","storage":"0","varName2":"","name":"Send Message"}]}]