[null,{"name":"Automessage1","temp":"3600","event-type":"3","actions":[{"channel":"4","varName":"","message":"Rules:\n1. No swearing or usage of bad words in any language\n2. No files that contain adult images, gore, or any disturbing content\n3. No disrespectful speech to anyone\n4. No spamming\n5. No advertising\n6. No political/religious content\n7. No false reporting\n8. No chatting without using English unless you are in native language chat\n\nBreaking the rules will result in getting kicked or banned permanently.","storage":"0","varName2":"","name":"Send Message"}]},{"name":"Automessage2","temp":"7200","event-type":"3","actions":[{"channel":"4","varName":"","message":"Be sure to check out our website, and send us codes! In case they get accepted, you may earn 10 Robux!\n\nOur website: https://examstudio.xyz/","storage":"0","varName2":"","name":"Send Message"}]},{"name":"Automessage3","temp":"10800","event-type":"3","actions":[{"channel":"4","varName":"","message":"Rules:\n1. No swearing or usage of bad words in any language\n2. No files that contain adult images, gore, or any disturbing content\n3. No disrespectful speech to anyone\n4. No spamming\n5. No advertising\n6. No political/religious content\n7. No false reporting\n8. No chatting without using English unless you are in native language chat\n\nBreaking the rules will result in getting kicked or banned permanently.","storage":"0","varName2":"","name":"Send Message"}]},{"name":"onjoinmessage","temp":"","event-type":"4","actions":[{"title":"Exam Bot","author":"TypicalAndy","color":"","timestamp":"false","url":"","authorIcon":"","imageUrl":"","thumbUrl":"","storage":"1","varName":"","name":"Create Embed Message"},{"storage":"1","varName":"","message":"The Exam Bot Has been Released. \nIts the First Version and much more Actions will be added.\n\nHave Fun! :D","name":"Set Embed Description"}]},{"name":"setgame","temp":"","event-type":"1","actions":[{"gameName":"examstudio.xyz","gameLink":"","name":"Set Bot Game"}]},{"name":"OnMemberJoin","temp":"member","event-type":"6","actions":[{"channel":"4","varName":"","message":"${tempVars(\"member\")} Joined Exam Studio!","storage":"0","varName2":"","name":"Send Message"}]},{"name":"OnMemberLeave","temp":"member","event-type":"7","actions":[{"channel":"4","varName":"","message":"${tempVars(\"member\")} Left Exam Studio!","storage":"0","varName2":"","name":"Send Message"}]}]